{
  "swagger" : "2.0",
  "info" : {
    "title" : "orders",
    "version" : "1.0.0",
    "description" : "orders"
  },
  "paths" : {
    "/{order}" : {
      "get" : {
        "operationId" : "getOrder",
        "responses" : {
          "200" : {
            "description" : "The operation was successful.",
            "schema" : {
              "type" : "string"
            }
          }
        },
        "produces" : [ "application/json" ],
        "description" : "Retrieve order",
        "parameters" : [ {
          "required" : true,
          "name" : "order",
          "in" : "path",
          "type" : "string"
        } ]
      }
    }
  },
  "basePath" : "/orders/v1",
  "definitions" : {
    "order" : {
      "type" : "object",
      "properties" : {
        "accountid" : {
          "type" : "string"
        },
        "orderid" : {
          "type" : "string"
        }
      }
    }
  }
}